,0
0,satisfact
1,ass
2,monday
3,wing
4,charact
5,fury
6,hand
7,ago
8,industry
9,stay
10,drew
11,wond
12,corps
13,he
14,i
15,sic
16,chaf
17,examin
18,clung
19,tok
20,eat
21,exult
22,adult
23,replac
24,return
25,riv
26,pit
27,down
28,pap
29,thi
30,prov
31,raymond
32,exceiv
33,worthy
34,who
35,west
36,verg
37,rob
38,yet
39,upward
40,sour
41,castro
42,ala
43,complex
44,distract
45,vain
46,posit
47,accurs
48,gen
49,cricket
50,friend
51,remark
52,solitud
53,rais
54,got
55,socy
56,burth
57,amidst
58,?
59,determin
60,haby
61,sixteen
62,stud
63,unbeliev
64,fal
65,saf
66,found
67,'stereotomy
68,outcast
69,reliev
70,him
71,whil
72,unop
73,begun
74,us
75,urg
76,how
77,wept
78,expery
79,piec
80,arth
81,thought
82,six
83,whateley
84,govern
85,desc
86,wan
87,hel
88,steep
89,prior
90,sav
91,old
92,cod
93,adam
94,least
95,visit
96,al
97,company
98,am
99,fireplac
100,mark
101,dawn
102,on
103,star
104,caus
105,abund
106,sery
107,complet
108,mistak
109,mous
110,dar
111,shot
112,handsom
113,valdem
114,way
115,gateway
116,overcom
117,said
118,fear
119,tow
120,keep
121,loop
122,lik
123,academy
124,oth
125,elbow
126,enemy
127,nobody
128,has
129,chronic
130,nigh
131,discovery
132,dart
133,dress
134,'diary
135,cell
136,end
137,ardo
138,cross
139,ent
140,del
141,pass
142,tear
143,kil
144,farc
145,heavy
146,penet
147,aw
148,fast
149,her
150,spring
151,definit
152,brick
153,perfect
154,perdit
155,receiv
156,think
157,marvel
158,so
159,study
160,affect
161,famy
162,besid
163,for
164,burst
165,thing
166,terr
167,com
168,indebt
169,noos
170,polit
171,solemn
172,benign
173,frequ
174,sens
175,understand
176,guid
177,demand
178,porthol
179,tru
180,fair
181,going
182,ruin
183,spec
184,waterfront
185,good
186,facul
187,nearest
188,vibr
189,feroc
190,bridg
191,everyday
192,accompl
193,pric
194,speckl
195,cast
196,roof
197,accustom
198,soul
199,pac
200,symbol
201,tabl
202,slav
203,bolton
204,fight
205,wont
206,indee
207,baron
208,second
209,seclud
210,instru
211,rich
212,wal
213,vis
214,prison
215,possess
216,crew
217,smel
218,singul
219,persist
220,word
221,acquit
222,els
223,fail
224,damn
225,themselv
226,vast
227,ship
228,an
229,destruct
230,horn
231,revenu
232,gard
233,den
234,chimney
235,hang
236,erect
237,specim
238,set
239,what
240,wood
241,atom
242,met
243,espec
244,a
245,splendid
246,intellect
247,gasp
248,shadow
249,outlaw
250,principl
251,quit
252,his
253,remot
254,refug
255,refus
256,guess
257,doubtless
258,empty
259,rainy
260,discov
261,perhap
262,was
263,kept
264,elev
265,mor
266,troubl
267,windenough
268,fish
269,quest
270,hil
271,modern
272,oft
273,research
274,phys
275,bril
276,prid
277,meantim
278,fleshless
279,gaz
280,step
281,latin
282,voy
283,fang
284,til
285,wid
286,abandon
287,strictest
288,arrest
289,erudit
290,speech
291,woe
292,touch
293,squ
294,que
295,wish
296,fiend
297,mnar
298,escap
299,along
300,inspect
301,cart
302,let
303,board
304,but
305,system
306,bundl
307,conclud
308,snow
309,judg
310,val
311,bet
312,mirac
313,un
314,someth
315,know
316,asc
317,level
318,multitudin
319,permit
320,deeply
321,most
322,flat
323,describ
324,broad
325,ench
326,tim
327,himself
328,hoars
329,whisp
330,plung
331,freedom
332,gout
333,app
334,across
335,accord
336,en
337,foot
338,sweet
339,seem
340,landlord
341,work
342,dishevel
343,clos
344,lif
345,twing
346,less
347,hav
348,perm
349,box
350,voic
351,unhesit
352,odo
353,prob
354,consequ
355,say
356,araound
357,cot
358,they
359,marry
360,wand
361,middl
362,land
363,suicid
364,die
365,chil
366,sak
367,gath
368,unknown
369,masqu
370,sufficy
371,speedy
372,inst
373,known
374,in
375,problem
376,jehovah
377,memb
378,ex
379,them
380,money
381,slight
382,inevit
383,resid
384,meant
385,ham
386,caw
387,harsh
388,gav
389,both
390,machinery
391,assum
392,quas
393,sein
394,con
395,attract
396,king
397,und
398,unconnect
399,fact
400,innsmou
401,column
402,rom
403,undecay
404,distribut
405,dram
406,shor
407,wil
408,paroxysm
409,conceiv
410,pleas
411,though
412,shap
413,nit
414,oc
415,sting
416,sho
417,idol
418,benea
419,despair
420,clear
421,aston
422,necess
423,hop
424,garb
425,high
426,poor
427,storm
428,ess
429,dislik
430,zeal
431,intery
432,furth
433,went
434,pretern
435,excel
436,fed
437,net
438,kind
439,trac
440,struggling
441,horizon
442,cit
443,among
444,lost
445,hat
446,terrac
447,pandemon
448,myself
449,crept
450,illud
451,cent
452,remembr
453,nee
454,that
455,strain
456,mix
457,paty
458,triv
459,anoth
460,plac
461,off
462,stock
463,admir
464,wor
465,then
466,reassum
467,habit
468,lafayet
469,thin
470,strange
471,predomin
472,reflect
473,non
474,loud
475,medit
476,diddl
477,etern
478,circumst
479,plant
480,striking
481,subt
482,fre
483,mood
484,victim
485,round
486,mr.
487,england
488,farm
489,analys
490,hint
491,benevol
492,adv
493,dream
494,revolv
495,feminin
496,dep
497,height
498,rod
499,disposit
500,larg
501,look
502,contain
503,streets
504,int
505,adjac
506,exh
507,being
508,gal
509,decay
510,unpretend
511,by
512,childr
513,elect
514,limit
515,southern
516,gart
517,brink
518,envelop
519,inconsid
520,dickey
521,foe
522,stair
523,greek
524,scent
525,shock
526,enkindl
527,ment
528,import
529,miss
530,novel
531,as
532,hor
533,burn
534,continu
535,nos
536,country
537,noon
538,pew
539,belov
540,earl
541,seiz
542,surg
543,undertak
544,rat
545,room
546,prophecy
547,'
548,beauty
549,door
550,express
551,purpos
552,two
553,issu
554,lay
555,fer
556,edg
557,spectac
558,;
559,scant
560,vic
561,exhibit
562,surmount
563,fascin
564,capt
565,progress
566,cogn
567,hal
568,phosph
569,caut
570,dissim
571,when
572,evadn
573,drawn
574,publ
575,window
576,into
577,gentl
578,fulfil
579,street
580,run
581,fly
582,vary
583,disdain
584,web
585,aft
586,bewild
587,cha
588,confirm
589,busy
590,prodigy
591,moon
592,comprehend
593,bonnet
594,destroy
595,inclin
596,scen
597,conquest
598,morn
599,expl
600,divest
601,clev
602,bring
603,mercy
604,groundwork
605,prevail
606,wat
607,cough
608,mildew
609,interest
610,mak
611,ard
612,balcony
613,remind
614,own
615,ign
616,analog
617,long
618,volunt
619,black
620,night
621,pp
622,calm
623,proport
624,seen
625,reveng
626,ballast
627,must
628,certain
629,barricad
630,transmit
631,also
632,circuit
633,shew
634,cler
635,follow
636,insist
637,blow
638,read
639,deserv
640,placid
641,spent
642,any
643,heredit
644,sev
645,dec
646,endeavo
647,massacr
648,dre
649,requir
650,dear
651,overtak
652,drift
653,glad
654,pow
655,adr
656,beaut
657,surpr
658,trifl
659,sil
660,mono
661,chirp
662,eq
663,fil
664,crass
665,yo
666,incred
667,address
668,within
669,repos
670,plead
671,pallid
672,advers
673,traduc
674,rivet
675,sec
676,arrang
677,attach
678,tranquil
679,encreas
680,blood
681,dry
682,sky
683,could
684,whir
685,bor
686,phenom
687,sci
688,lady
689,entir
690,structure
691,connect
692,vagu
693,lat
694,shim
695,wrung
696,each
697,leav
698,paid
699,giv
700,whent
701,direct
702,candl
703,reg
704,arnheim
705,resolv
706,hippodrom
707,pulpit
708,epicur
709,tal
710,church
711,pattern
712,gon
713,expos
714,sympathy
715,res
716,precocy
717,overb
718,alon
719,breath
720,unnam
721,precipit
722,fant
723,drury
724,winds
725,dr.
726,hencefor
727,forest
728,notwithstand
729,occup
730,flo
731,desir
732,city
733,compos
734,inconveny
735,sarna
736,ter
737,rain
738,journey
739,ag
740,throwing
741,rambl
742,sat
743,surv
744,stil
745,attempt
746,best
747,distast
748,top
749,fai
750,disp
751,grew
752,profit
753,'the
754,trop
755,fibr
756,intermingl
757,rapid
758,rep
759,fix
760,colleagu
761,extrem
762,contempt
763,obsc
764,neith
765,degr
766,hazy
767,abl
768,quiet
769,kennel
770,low
771,templ
772,pat
773,fac
774,bon
775,obl
776,vessel
777,sint
778,gilm
779,cap
780,aunt
781,trampl
782,displac
783,grandfath
784,wheth
785,story
786,strong
787,appear
788,worst
789,interpret
790,glant
791,hors
792,attribut
793,spok
794,neglig
795,ib
796,lan
797,cas
798,thrown
799,liv
800,neglect
801,speak
802,young
803,anyth
804,bizar
805,now
806,remedy
807,evid
808,mind
809,marin
810,dissect
811,exag
812,nebul
813,talk
814,inscrib
815,forthwi
816,welf
817,che
818,obtus
819,ceil
820,sort
821,object
822,mut
823,slightest
824,town
825,transit
826,inland
827,flesh
828,wheaton
829,post
830,vivid
831,of
832,god
833,incap
834,see
835,refin
836,murm
837,writ
838,par
839,learn
840,daught
841,pag
842,repuls
843,greec
844,noth
845,ar
846,observ
847,doubt
848,thick
849,intract
850,rememb
851,siz
852,overwhelm
853,sleep
854,smal
855,forev
856,much
857,ceremony
858,kempel
859,about
860,spot
861,hast
862,unpleas
863,chinless
864,heard
865,parad
866,rigid
867,drop
868,ring
869,lust
870,pardon
871,rest
872,howev
873,sunny
874,protect
875,mod
876,lunch
877,hist
878,wednesday
879,discharg
880,purit
881,abov
882,pot
883,thoughtless
884,mom
885,warm
886,sum
887,apotheos
888,chessm
889,duty
890,elin
891,bay
892,sir
893,ful
894,fortun
895,surfac
896,idea
897,suspect
898,dim
899,hut
900,``
901,caress
902,guard
903,inhabit
904,sorry
905,remain
906,fled
907,bonfir
908,superintend
909,undu
910,o
911,admin
912,subject
913,prescrib
914,beheld
915,uprear
916,gaug
917,exclam
918,arm
919,their
920,glossy
921,sacr
922,hour
923,realm
924,grav
925,cont
926,ic
927,herself
928,knew
929,pres
930,reach
931,marbl
932,truth
933,avalanch
934,gent
935,day
936,mob
937,somewh
938,sud
939,world
940,mary
941,stag
942,blend
943,almost
944,common
945,ban
946,song
947,crush
948,acrimony
949,mir
950,downward
951,southeast
952,dread
953,op
954,dur
955,.
956,grow
957,fantast
958,ext
959,easy
960,kirwin
961,frenzy
962,waist
963,occur
964,point
965,ev
966,liqu
967,philosoph
968,sea
969,first
970,shelt
971,langu
972,hea
973,becom
974,wel
975,lin
976,whom
977,threat
978,form
979,whol
980,ton
981,wizard
982,vort
983,influ
984,modic
985,grad
986,hon
987,nurs
988,lodg
989,aly
990,clim
991,new
992,spy
993,inopportun
994,carry
995,which
996,far
997,barry
998,scyth
999,key
1000,rac
1001,pict
1002,doux
1003,rel
1004,wher
1005,rop
1006,inward
1007,sid
1008,poss
1009,had
1010,plain
1011,pour
1012,motionless
1013,discuss
1014,coupl
1015,id
1016,no
1017,fold
1018,famili
1019,imposs
1020,complaint
1021,argyropylo
1022,anim
1023,excess
1024,wom
1025,yourself
1026,nitrog
1027,oppress
1028,stealthy
1029,pain
1030,island
1031,she
1032,until
1033,colleg
1034,back
1035,beg
1036,dat
1037,renew
1038,pierc
1039,unquiet
1040,law
1041,regard
1042,astronom
1043,car
1044,inmost
1045,profess
1046,splash
1047,and
1048,soak
1049,martin
1050,neighb
1051,feet
1052,dem
1053,dea
1054,carcass
1055,christian
1056,emot
1057,through
1058,slow
1059,suggest
1060,dai
1061,fut
1062,cri
1063,pluck
1064,myst
1065,very
1066,ow
1067,prev
1068,secret
1069,commit
1070,triumph
1071,hear
1072,'s
1073,od
1074,ebony
1075,billet
1076,detail
1077,mad
1078,rath
1079,desk
1080,tre
1081,although
1082,body
1083,mer
1084,sam
1085,aspect
1086,deep
1087,weep
1088,disquiet
1089,from
1090,effect
1091,cov
1092,endless
1093,away
1094,vict
1095,tongu
1096,wif
1097,palac
1098,lak
1099,incess
1100,not
1101,provid
1102,ankl
1103,head
1104,fumbl
1105,would
1106,to
1107,lean
1108,il
1109,'pure
1110,unnerv
1111,thos
1112,self
1113,labo
1114,peopl
1115,fam
1116,luminos
1117,labyrinthin
1118,absorb
1119,circ
1120,been
1121,haughty
1122,moth
1123,allud
1124,collect
1125,slant
1126,spread
1127,turn
1128,light
1129,attain
1130,tast
1131,husband
1132,uniform
1133,fals
1134,many
1135,subst
1136,four
1137,swamp
1138,rady
1139,soldy
1140,exp
1141,shun
1142,get
1143,perceiv
1144,shrines
1145,thes
1146,feel
1147,somehow
1148,right
1149,instruct
1150,qual
1151,quant
1152,archangel
1153,afford
1154,rheum
1155,london
1156,extend
1157,pal
1158,reward
1159,drunk
1160,is
1161,go
1162,herbert
1163,up
1164,port
1165,do
1166,refer
1167,forc
1168,meanwhil
1169,walk
1170,process
1171,cour
1172,gest
1173,glady
1174,careless
1175,out
1176,sham
1177,cupboard
1178,:
1179,mean
1180,believ
1181,repetit
1182,or
1183,enthusiasm
1184,sit
1185,upro
1186,vas
1187,link
1188,confin
1189,without
1190,sorrow
1191,assist
1192,illumin
1193,rook
1194,hold
1195,start
1196,revery
1197,perplex
1198,audy
1199,peculi
1200,ceas
1201,appel
1202,cherub
1203,friendless
1204,def
1205,cam
1206,green
1207,repres
1208,wealthy
1209,intercours
1210,brought
1211,hitherto
1212,heart
1213,shout
1214,property
1215,mon
1216,we
1217,occupy
1218,pair
1219,glob
1220,von
1221,stop
1222,check
1223,ris
1224,sprightliness
1225,reluct
1226,play
1227,result
1228,wax
1229,unreliev
1230,temp
1231,told
1232,illustry
1233,nor
1234,aghast
1235,hid
1236,built
1237,ask
1238,horr
1239,cosmogony
1240,ear
1241,unc
1242,portrait
1243,reason
1244,gallery
1245,nam
1246,sign
1247,ther
1248,held
1249,appoint
1250,wheel
1251,downcast
1252,our
1253,already
1254,'let
1255,avoid
1256,yawn
1257,thousand
1258,be
1259,slend
1260,gold
1261,me
1262,command
1263,masonry
1264,est
1265,ins
1266,seek
1267,success
1268,flow
1269,real
1270,foresight
1271,wound
1272,mien
1273,ug
1274,cours
1275,saw
1276,roar
1277,surnam
1278,vacil
1279,eng
1280,few
1281,symphon
1282,bright
1283,biograph
1284,injury
1285,bar
1286,fishy
1287,the
1288,cons
1289,eag
1290,account
1291,ide
1292,than
1293,immut
1294,misfortun
1295,pretty
1296,cloak
1297,riband
1298,hesit
1299,serv
1300,recess
1301,difficul
1302,book
1303,wet
1304,proposit
1305,excit
1306,nat
1307,ticket
1308,hard
1309,latitud
1310,mountain
1311,bef
1312,gre
1313,wig
1314,gurgl
1315,vext
1316,dracon
1317,mis
1318,soon
1319,neighbo
1320,mason
1321,cal
1322,squirmin
1323,spirit
1324,altogeth
1325,bear
1326,commun
1327,hair
1328,ov
1329,around
1330,again
1331,","
1332,man
1333,assembl
1334,glar
1335,persev
1336,awak
1337,californ
1338,earnest
1339,every
1340,jenkin
1341,sad
1342,flood
1343,year
1344,av
1345,persona
1346,ascend
1347,munro
1348,fir
1349,intellig
1350,toward
1351,happy
1352,ont
1353,trump
1354,cinct
1355,diffid
1356,you
1357,ord
1358,air
1359,convers
1360,glimps
1361,shar
1362,did
1363,recov
1364,rejo
1365,suff
1366,consid
1367,singl
1368,germ
1369,licens
1370,sight
1371,drip
1372,pol
1373,uneasy
1374,sport
1375,corn
1376,gam
1377,shook
1378,veranda
1379,ind
1380,butterf
1381,cold
1382,reclin
1383,send
1384,pul
1385,convert
1386,too
1387,carv
1388,halsey
1389,whos
1390,compass
1391,p.
1392,misery
1393,confess
1394,cousin
1395,ascertain
1396,find
1397,bargem
1398,develop
1399,interv
1400,monstros
1401,splinter
1402,struggled
1403,disord
1404,lead
1405,watch
1406,min
1407,som
1408,conflagr
1409,view
1410,chem
1411,upon
1412,acquir
1413,antony
1414,despit
1415,irresolv
1416,lionel
1417,if
1418,unit
1419,sieg
1420,increas
1421,flam
1422,count
1423,mat
1424,hung
1425,artic
1426,mourn
1427,ultim
1428,scholar
1429,between
1430,alway
1431,wis
1432,sunr
1433,pursu
1434,ey
1435,fin
1436,imagin
1437,fash
1438,apex
1439,disagr
1440,eith
1441,northern
1442,deal
1443,left
1444,ground
1445,yellow
1446,divin
1447,simpl
1448,oriel
1449,girl
1450,reverend
1451,nobl
1452,machin
1453,tee
1454,ourselv
1455,remors
1456,respect
1457,firm
1458,shift
1459,wer
1460,billow
1461,screw
1462,reckon
1463,fathom
1464,mot
1465,weak
1466,thu
1467,below
1468,peac
1469,surcingl
1470,bas
1471,hum
1472,warry
1473,grin
1474,brush
1475,demon
1476,act
1477,chateau
1478,ready
1479,support
1480,betray
1481,hee
1482,dark
1483,domin
1484,week
1485,hect
1486,men
1487,unceas
1488,sound
1489,grown
1490,fath
1491,hoop
1492,vit
1493,three
1494,ut
1495,soft
1496,addit
1497,should
1498,unfad
1499,exerc
1500,brown
1501,my
1502,surround
1503,favourit
1504,majest
1505,dimend
1506,struggle
1507,took
1508,afterward
1509,distinct
1510,might
1511,importun
1512,loc
1513,headquart
1514,insert
1515,boat
1516,holborn
1517,demeano
1518,''
1519,accid
1520,fertil
1521,curios
1522,jew
1523,born
1524,expect
1525,loung
1526,dust
1527,unreason
1528,occas
1529,blush
1530,ret
1531,laid
1532,flap
1533,repin
1534,unwil
1535,cut
1536,dungeon
1537,stat
1538,recollect
1539,last
1540,wind
1541,snuffy
1542,fellow
1543,washington
1544,mus
1545,absolv
1546,beyond
1547,renov
1548,brut
1549,littl
1550,wild
1551,abroad
1552,doff
1553,ste
1554,becam
1555,apart
1556,lov
1557,irksom
1558,hous
1559,contin
1560,calend
1561,it
1562,such
1563,ol
1564,laught
1565,person
1566,immedy
1567,snuff
1568,hom
1569,greatest
1570,dead
1571,minaret
1572,half
1573,mingl
1574,alley
1575,trust
1576,direst
1577,shal
1578,haous
1579,main
1580,cho
1581,powd
1582,project
1583,obedy
1584,funct
1585,hip
1586,tomb
1587,show
1588,reanim
1589,with
1590,may
1591,'monster
1592,bew
1593,fresh
1594,fost
1595,produc
1596,felt
1597,wretch
1598,comp
1599,at
1600,investig
1601,pestil
1602,indiff
1603,county
1604,hartwel
1605,tak
1606,nev
1607,suppos
1608,leng
1609,minut
1610,harrow
1611,can
1612,exquisit
1613,innum
1614,intens
1615,monst
1616,disput
1617,undoubt
1618,afternoon
1619,syl
1620,incontrovert
1621,freemasonry
1622,guesswork
1623,becaus
1624,brim
1625,near
